sample_ID;ID;code;place;habitat;habitat_norm;sampling;depth;date;;latitude;longitude;MBC;fixative;Mesh
ADA_1_1_20;ADA 1-1;ADA 1-1;Road Bay;sediment, sand;sand;benna da gommone;40;30/12/2018;;-74,69832;164,12683;200, 100, 50, 20;ethanol;20
ADA_1_1_50;ADA 1-1;ADA 1-1;Road Bay;sediment, sand;sand;benna da gommone;40;30/12/2018;;-74,69832;164,12683;200, 100, 50, 20;ethanol;50
ADA_1_1_100;ADA 1-1;ADA 1-1;Road Bay;sediment, sand;sand;benna da gommone;40;30/12/2018;;-74,69832;164,12683;200, 100, 50, 20;ethanol;100
ADA_1_1_200;ADA 1-1;ADA 1-1;Road Bay;sediment, sand;sand;benna da gommone;40;30/12/2018;;-74,69832;164,12683;200, 100, 50, 20;ethanol;200
ADA_1_3_20;ADA 1-3;ADA 1-3;Road Bay;sediment, silty sand;sand;benna da gommone;40;30/12/2018;;-74,69832;164,12683;200, 100, 50, 20;ethanol;20
ADA_1_3_50;ADA 1-3;ADA 1-3;Road Bay;sediment, silty sand;sand;benna da gommone;40;30/12/2018;;-74,69832;164,12683;200, 100, 50, 20;ethanol;50
ADA_1_3_100;ADA 1-3;ADA 1-3;Road Bay;sediment, silty sand;sand;benna da gommone;40;30/12/2018;;-74,69832;164,12683;200, 100, 50, 20;ethanol;100
ADA_1_3_200;ADA 1-3;ADA 1-3;Road Bay;sediment, silty sand;sand;benna da gommone;40;30/12/2018;;-74,69832;164,12683;200, 100, 50, 20;ethanol;200
ADA_1_4_20;ADA 1-4;ADA 1-4;Road Bay;sediment, silt;silt;benna da gommone;70;17/01/2019;;-74,6968;164,1222;200, 100, 50, 20;ethanol;20
ADA_1_4_50;ADA 1-4;ADA 1-4;Road Bay;sediment, silt;silt;benna da gommone;70;17/01/2019;;-74,6968;164,1222;200, 100, 50, 20;ethanol;50
ADA_1_4_100;ADA 1-4;ADA 1-4;Road Bay;sediment, silt;silt;benna da gommone;70;17/01/2019;;-74,6968;164,1222;200, 100, 50, 20;ethanol;100
ADA_1_4_200;ADA 1-4;ADA 1-4;Road Bay;sediment, silt;silt;benna da gommone;70;17/01/2019;;-74,6968;164,1222;200, 100, 50, 20;ethanol;200
ADA_1_5_20;ADA 1-5;ADA 1-5;Road Bay;gravel;gravel;benna da gommone;19;17/01/2019;;-74,6968;164,1222;200, 100, 50, 20;ethanol;20
ADA_1_5_50;ADA 1-5;ADA 1-5;Road Bay;gravel;gravel;benna da gommone;19;17/01/2019;;-74,6968;164,1222;200, 100, 50, 20;ethanol;50
ADA_1_5_100;ADA 1-5;ADA 1-5;Road Bay;gravel;gravel;benna da gommone;19;17/01/2019;;-74,6968;164,1222;200, 100, 50, 20;ethanol;100
ADA_1_5_200;ADA 1-5;ADA 1-5;Road Bay;gravel;gravel;benna da gommone;19;17/01/2019;;-74,6968;164,1222;200, 100, 50, 20;ethanol;200
ADCO_1_20;ADCO 1;ADCO 1;Adelie Cove;epilithic scraping, bryozoans;epilithic;benna da gommone;33;03/01/2019;;-74,7719;163,98969;200, 100, 50, 20;ethanol;20
ADCO_1_50;ADCO 1;ADCO 1;Adelie Cove;epilithic scraping, bryozoans;epilithic;benna da gommone;33;03/01/2019;;-74,7719;163,98969;200, 100, 50, 20;ethanol;50
ADCO_1_100;ADCO 1;ADCO 1;Adelie Cove;epilithic scraping, bryozoans;epilithic;benna da gommone;33;03/01/2019;;-74,7719;163,98969;200, 100, 50, 20;ethanol;100
ADCO_1_200;ADCO 1;ADCO 1;Adelie Cove;epilithic scraping, bryozoans;epilithic;benna da gommone;33;03/01/2019;;-74,7719;163,98969;200, 100, 50, 20;ethanol;200
ADCO_2_20;ADCO 2;ADCO 2;Adelie Cove;sediment, silt;silt;benna da gommone;33;03/01/2019;;-74,7719;163,98969;200, 100, 50, 20;ethanol;20
ADCO_2_50;ADCO 2;ADCO 2;Adelie Cove;sediment, silt;silt;benna da gommone;33;03/01/2019;;-74,7719;163,98969;200, 100, 50, 20;ethanol;50
ADCO_2_100;ADCO 2;ADCO 2;Adelie Cove;sediment, silt;silt;benna da gommone;33;03/01/2019;;-74,7719;163,98969;200, 100, 50, 20;ethanol;100
ADCO_2_200;ADCO 2;ADCO 2;Adelie Cove;sediment, silt;silt;benna da gommone;33;03/01/2019;;-74,7719;163,98969;200, 100, 50, 20;ethanol;200
ADCO_3_20;ADCO 3;ADCO 3;Adelie Cove;sediment, silt;silt;benna da gommone;38;03/01/2019;;-74,7721;164,00042;200, 100, 50, 20;ethanol;20
ADCO_3_50;ADCO 3;ADCO 3;Adelie Cove;sediment, silt;silt;benna da gommone;38;03/01/2019;;-74,7721;164,00042;200, 100, 50, 20;ethanol;50
ADCO_3_100;ADCO 3;ADCO 3;Adelie Cove;sediment, silt;silt;benna da gommone;38;03/01/2019;;-74,7721;164,00042;200, 100, 50, 20;ethanol;100
ADCO_3_200;ADCO 3;ADCO 3;Adelie Cove;sediment, silt;silt;benna da gommone;38;03/01/2019;;-74,7721;164,00042;200, 100, 50, 20;ethanol;200
ADCO_4_20;ADCO 4;ADCO 4;Adelie Cove;epilithic scraping, on stone;epilithic;benna da gommone;58;03/01/2019;;-74,77033;164,00135;200, 100, 50, 20;ethanol;20
ADCO_4_50;ADCO 4;ADCO 4;Adelie Cove;epilithic scraping, on stone;epilithic;benna da gommone;58;03/01/2019;;-74,77033;164,00135;200, 100, 50, 20;ethanol;50
ADCO_4_100;ADCO 4;ADCO 4;Adelie Cove;epilithic scraping, on stone;epilithic;benna da gommone;58;03/01/2019;;-74,77033;164,00135;200, 100, 50, 20;ethanol;100
ADCO_4_200;ADCO 4;ADCO 4;Adelie Cove;epilithic scraping, on stone;epilithic;benna da gommone;58;03/01/2019;;-74,77033;164,00135;200, 100, 50, 20;ethanol;200
ADCO_6_20;ADCO 6;ADCO 6;Adelie Cove;sediment, silt;silt;benna da gommone;70;18/01/2019;;-74,7594;164,0294;200, 100, 50, 20;ethanol;20
ADCO_6_50;ADCO 6;ADCO 6;Adelie Cove;sediment, silt;silt;benna da gommone;70;18/01/2019;;-74,7594;164,0294;200, 100, 50, 20;ethanol;50
ADCO_6_100;ADCO 6;ADCO 6;Adelie Cove;sediment, silt;silt;benna da gommone;70;18/01/2019;;-74,7594;164,0294;200, 100, 50, 20;ethanol;100
ADCO_6_200;ADCO 6;ADCO 6;Adelie Cove;sediment, silt;silt;benna da gommone;70;18/01/2019;;-74,7594;164,0294;200, 100, 50, 20;ethanol;200
ADCO_8_20;ADCO 8;ADCO 8;Adelie Cove;sediment, sand;sand;benna da gommone;20;27/01/2019;;-74,7594;164,0294;200, 100, 50, 20;ethanol;20
ADCO_8_50;ADCO 8;ADCO 8;Adelie Cove;sediment, sand;sand;benna da gommone;20;27/01/2019;;-74,7594;164,0294;200, 100, 50, 20;ethanol;50
ADCO_8_100;ADCO 8;ADCO 8;Adelie Cove;sediment, sand;sand;benna da gommone;20;27/01/2019;;-74,7594;164,0294;200, 100, 50, 20;ethanol;100
ADCO_8_200;ADCO 8;ADCO 8;Adelie Cove;sediment, sand;sand;benna da gommone;20;27/01/2019;;-74,7594;164,0294;200, 100, 50, 20;ethanol;200
Amorphus_1_A_20;AMOURPHOUS 1;AMOURPHOUS 1;Amorphous Glacier;sediment, fine sand;sand;diving;20;28/12/2018;;-74,68722;164,0366;200, 100, 50, 20;ethanol;20
Amorphus_1_B_20;AMOURPHOUS 1;AMOURPHOUS 1;Amorphous Glacier;sediment, fine sand;sand;diving;20;28/12/2018;;-74,68722;164,0366;200, 100, 50, 20;ethanol;20
Amorphus_1_A_50;AMOURPHOUS 1;AMOURPHOUS 1;Amorphous Glacier;sediment, fine sand;sand;diving;20;28/12/2018;;-74,68722;164,0366;200, 100, 50, 20;ethanol;50
Amorphus_1_B_50;AMOURPHOUS 1;AMOURPHOUS 1;Amorphous Glacier;sediment, fine sand;sand;diving;20;28/12/2018;;-74,68722;164,0366;200, 100, 50, 20;ethanol;50
Amorphus_1_A_100;AMOURPHOUS 1;AMOURPHOUS 1;Amorphous Glacier;sediment, fine sand;sand;diving;20;28/12/2018;;-74,68722;164,0366;200, 100, 50, 20;ethanol;100
Amorphus_1_B_100;AMOURPHOUS 1;AMOURPHOUS 1;Amorphous Glacier;sediment, fine sand;sand;diving;20;28/12/2018;;-74,68722;164,0366;200, 100, 50, 20;ethanol;100
Amorphus_1_A_200;AMOURPHOUS 1;AMOURPHOUS 1;Amorphous Glacier;sediment, fine sand;sand;diving;20;28/12/2018;;-74,68722;164,0366;200, 100, 50, 20;ethanol;200
Amorphus_1_B_200;AMOURPHOUS 1;AMOURPHOUS 1;Amorphous Glacier;sediment, fine sand;sand;diving;20;28/12/2018;;-74,68722;164,0366;200, 100, 50, 20;ethanol;200
Amorphus_2_20;AMOURPHOUS 2;AMOURPHOUS 2;Amorphous Glacier;sediment, fine sand;sand;diving;20;28/12/2018;;-74,68722;164,0366;200, 100, 50, 20;ethanol;20
Amorphus_2_50;AMOURPHOUS 2;AMOURPHOUS 2;Amorphous Glacier;sediment, fine sand;sand;diving;20;28/12/2018;;-74,68722;164,0366;200, 100, 50, 20;ethanol;50
Amorphus_2_100;AMOURPHOUS 2;AMOURPHOUS 2;Amorphous Glacier;sediment, fine sand;sand;diving;20;28/12/2018;;-74,68722;164,0366;200, 100, 50, 20;ethanol;100
Amorphus_2_200;AMOURPHOUS 2;AMOURPHOUS 2;Amorphous Glacier;sediment, fine sand;sand;diving;20;28/12/2018;;-74,68722;164,0366;200, 100, 50, 20;ethanol;200
Amorphus_3_20;AMOURPHOUS 3;AMOURPHOUS 3;Amorphous Glacier;sediment, fine sand;sand;diving;20;28/12/2018;;-74,68722;164,0366;200, 100, 50, 20;ethanol;20
Amorphus_3_50;AMOURPHOUS 3;AMOURPHOUS 3;Amorphous Glacier;sediment, fine sand;sand;diving;20;28/12/2018;;-74,68722;164,0366;200, 100, 50, 20;ethanol;50
Amorphus_3_100;AMOURPHOUS 3;AMOURPHOUS 3;Amorphous Glacier;sediment, fine sand;sand;diving;20;28/12/2018;;-74,68722;164,0366;200, 100, 50, 20;ethanol;100
Amorphus_3_200;AMOURPHOUS 3;AMOURPHOUS 3;Amorphous Glacier;sediment, fine sand;sand;diving;20;28/12/2018;;-74,68722;164,0366;200, 100, 50, 20;ethanol;200
Amorphus_4_20;AMOURPHOUS 4;AMOURPHOUS 4;Amorphous Glacier;sediment, gravel;gravel;diving;20;28/12/2018;;-74,68722;164,0366;200, 100, 50, 20;ethanol;20
Amorphus_4_50;AMOURPHOUS 4;AMOURPHOUS 4;Amorphous Glacier;sediment, gravel;gravel;diving;20;28/12/2018;;-74,68722;164,0366;200, 100, 50, 20;ethanol;50
Amorphus_4_100;AMOURPHOUS 4;AMOURPHOUS 4;Amorphous Glacier;sediment, gravel;gravel;diving;20;28/12/2018;;-74,68722;164,0366;200, 100, 50, 20;ethanol;100
Amorphus_4_200;AMOURPHOUS 4;AMOURPHOUS 4;Amorphous Glacier;sediment, gravel;gravel;diving;20;28/12/2018;;-74,68722;164,0366;200, 100, 50, 20;ethanol;200
Amorphus_5_20;AMOURPHOUS 5;AMOURPHOUS 5;Amorphous Glacier;sediment, fine sand;sand;diving;20;28/12/2018;;-74,68722;164,0366;200, 100, 50, 20;ethanol;20
Amorphus_5_50;AMOURPHOUS 5;AMOURPHOUS 5;Amorphous Glacier;sediment, fine sand;sand;diving;20;28/12/2018;;-74,68722;164,0366;200, 100, 50, 20;ethanol;50
Amorphus_5_100;AMOURPHOUS 5;AMOURPHOUS 5;Amorphous Glacier;sediment, fine sand;sand;diving;20;28/12/2018;;-74,68722;164,0366;200, 100, 50, 20;ethanol;100
Amorphus_5_200;AMOURPHOUS 5;AMOURPHOUS 5;Amorphous Glacier;sediment, fine sand;sand;diving;20;28/12/2018;;-74,68722;164,0366;200, 100, 50, 20;ethanol;200
CAL_1_20;CAL 1;CAL 1;Caletta ASPA;sediment, silt;silt;benna da gommone;50;27/01/2019;;-74,7519;164,0911;200, 100, 50, 20;ethanol;20
CAL_1_50;CAL 1;CAL 1;Caletta ASPA;sediment, silt;silt;benna da gommone;50;27/01/2019;;-74,7519;164,0911;200, 100, 50, 20;ethanol;50
CAL_1_100;CAL 1;CAL 1;Caletta ASPA;sediment, silt;silt;benna da gommone;50;27/01/2019;;-74,7519;164,0911;200, 100, 50, 20;ethanol;100
CAL_1_200;CAL 1;CAL 1;Caletta ASPA;sediment, silt;silt;benna da gommone;50;27/01/2019;;-74,7519;164,0911;200, 100, 50, 20;ethanol;200
CAL_2_A_20;CAL 2A;CAL 2A;Caletta ASPA;sediment, organic;organic;benna da gommone;65;27/01/2019;;-74,7519;164,0911;200, 100, 50, 20;ethanol;20
CAL_2_A_50;CAL 2A;CAL 2A;Caletta ASPA;sediment, organic;organic;benna da gommone;65;27/01/2019;;-74,7519;164,0911;200, 100, 50, 20;ethanol;50
CAL_2_A_100;CAL 2A;CAL 2A;Caletta ASPA;sediment, organic;organic;benna da gommone;65;27/01/2019;;-74,7519;164,0911;200, 100, 50, 20;ethanol;100
CAL_2_A_200;CAL 2A;CAL 2A;Caletta ASPA;sediment, organic;organic;benna da gommone;65;27/01/2019;;-74,7519;164,0911;200, 100, 50, 20;ethanol;200
CAL_2_B_20;CAL 2B;CAL 2B;Caletta ASPA;sediment, organic;organic;benna da gommone;65;27/01/2019;;-74,7519;164,0911;200, 100, 50, 20;ethanol;20
CAL_2_B_50;CAL 2B;CAL 2B;Caletta ASPA;sediment, organic;organic;benna da gommone;65;27/01/2019;;-74,7519;164,0911;200, 100, 50, 20;ethanol;50
CAL_2_B_100;CAL 2B;CAL 2B;Caletta ASPA;sediment, organic;organic;benna da gommone;65;27/01/2019;;-74,7519;164,0911;200, 100, 50, 20;ethanol;100
CAL_2_B_200;CAL 2B;CAL 2B;Caletta ASPA;sediment, organic;organic;benna da gommone;65;27/01/2019;;-74,7519;164,0911;200, 100, 50, 20;ethanol;200
CAL_3_20;CAL 3;CAL 3;Caletta ASPA;sediment, silt smelly;silt;benna da gommone;20;27/01/2019;;-74,7519;164,0911;200, 100, 50, 20;ethanol;20
CAL_3_50;CAL 3;CAL 3;Caletta ASPA;sediment, silt smelly;silt;benna da gommone;20;27/01/2019;;-74,7519;164,0911;200, 100, 50, 20;ethanol;50
CAL_3_100;CAL 3;CAL 3;Caletta ASPA;sediment, silt smelly;silt;benna da gommone;20;27/01/2019;;-74,7519;164,0911;200, 100, 50, 20;ethanol;100
CAL_3_200;CAL 3;CAL 3;Caletta ASPA;sediment, silt smelly;silt;benna da gommone;20;27/01/2019;;-74,7519;164,0911;200, 100, 50, 20;ethanol;200
FAR_1_20;FAR 1;FAR 1;Faraglione;sediment, silty sand;sand;benna da gommone;40;05/01/2019;;-74,71857;164,12097;200, 100, 50, 20;ethanol;20
FAR_1_50;FAR 1;FAR 1;Faraglione;sediment, silty sand;sand;benna da gommone;40;05/01/2019;;-74,71857;164,12097;200, 100, 50, 20;ethanol;50
FAR_1_100;FAR 1;FAR 1;Faraglione;sediment, silty sand;sand;benna da gommone;40;05/01/2019;;-74,71857;164,12097;200, 100, 50, 20;ethanol;100
FAR_1_200;FAR 1;FAR 1;Faraglione;sediment, silty sand;sand;benna da gommone;40;05/01/2019;;-74,71857;164,12097;200, 100, 50, 20;ethanol;200
FAR_2_20;FAR 2;FAR 2;Faraglione;sediment, sand;sand;benna da gommone;19;05/01/2019;;-74,71857;164,11276;200, 100, 50, 20;ethanol;20
FAR_2_50;FAR 2;FAR 2;Faraglione;sediment, sand;sand;benna da gommone;19;05/01/2019;;-74,71857;164,11276;200, 100, 50, 20;ethanol;50
FAR_2_100;FAR 2;FAR 2;Faraglione;sediment, sand;sand;benna da gommone;19;05/01/2019;;-74,71857;164,11276;200, 100, 50, 20;ethanol;100
FAR_2_200;FAR 2;FAR 2;Faraglione;sediment, sand;sand;benna da gommone;19;05/01/2019;;-74,71857;164,11276;200, 100, 50, 20;ethanol;200
FAR_3_20;FAR 3;FAR 3;Faraglione;NA;NA;benna da gommone;68;09/01/2019;;-74,71803;164,12622;200, 100, 50, 20;ethanol;20
FAR_3_50;FAR 3;FAR 3;Faraglione;NA;NA;benna da gommone;68;09/01/2019;;-74,71803;164,12622;200, 100, 50, 20;ethanol;50
FAR_3_100;FAR 3;FAR 3;Faraglione;NA;NA;benna da gommone;68;09/01/2019;;-74,71803;164,12622;200, 100, 50, 20;ethanol;100
FAR_3_200;FAR 3;FAR 3;Faraglione;NA;NA;benna da gommone;68;09/01/2019;;-74,71803;164,12622;200, 100, 50, 20;ethanol;200
FAR_4_20;FAR 4;FAR 4;Faraglione;NA;NA;benna da gommone;71;09/01/2019;;-74,73245;164,09303;200, 100, 50, 20;ethanol;20
FAR_4_50;FAR 4;FAR 4;Faraglione;NA;NA;benna da gommone;71;09/01/2019;;-74,73245;164,09303;200, 100, 50, 20;ethanol;50
FAR_4_100;FAR 4;FAR 4;Faraglione;NA;NA;benna da gommone;71;09/01/2019;;-74,73245;164,09303;200, 100, 50, 20;ethanol;100
FAR_4_200;FAR 4;FAR 4;Faraglione;NA;NA;benna da gommone;71;09/01/2019;;-74,73245;164,09303;200, 100, 50, 20;ethanol;200
MAREOGR_1_A_20;MAREOGR 1;MAREOGR 1;Mareografo;sediment, silty sand;sand;benna da gommone;25;26/12/2018;;-74,69165;164,11683;200, 100, 50, 20;ethanol;20
MAREOGR_1_B_20;MAREOGR 1;MAREOGR 1;Mareografo;sediment, silty sand;sand;benna da gommone;25;26/12/2018;;-74,69165;164,11683;200, 100, 50, 20;ethanol;20
MAREOGR_1_A_50;MAREOGR 1;MAREOGR 1;Mareografo;sediment, silty sand;sand;benna da gommone;25;26/12/2018;;-74,69165;164,11683;200, 100, 50, 20;ethanol;50
MAREOGR_1_B_50;MAREOGR 1;MAREOGR 1;Mareografo;sediment, silty sand;sand;benna da gommone;25;26/12/2018;;-74,69165;164,11683;200, 100, 50, 20;ethanol;50
MAREOGR_1_A_100;MAREOGR 1;MAREOGR 1;Mareografo;sediment, silty sand;sand;benna da gommone;25;26/12/2018;;-74,69165;164,11683;200, 100, 50, 20;ethanol;100
MAREOGR_1_B_100;MAREOGR 1;MAREOGR 1;Mareografo;sediment, silty sand;sand;benna da gommone;25;26/12/2018;;-74,69165;164,11683;200, 100, 50, 20;ethanol;100
MAREOGR_1_A_200;MAREOGR 1;MAREOGR 1;Mareografo;sediment, silty sand;sand;benna da gommone;25;26/12/2018;;-74,69165;164,11683;200, 100, 50, 20;ethanol;200
MAREOGR_1_B_200;MAREOGR 1;MAREOGR 1;Mareografo;sediment, silty sand;sand;benna da gommone;25;26/12/2018;;-74,69165;164,11683;200, 100, 50, 20;ethanol;200
MAREOGR_2_20;MAREOGR 2;MAREOGR 2;Mareografo;sediment, sand coarse;sand;benna da gommone;49;13/01/2019;;-74,7344;164,048;200, 100, 50, 20;ethanol;20
MAREOGR_2_50;MAREOGR 2;MAREOGR 2;Mareografo;sediment, sand coarse;sand;benna da gommone;49;13/01/2019;;-74,7344;164,048;200, 100, 50, 20;ethanol;50
MAREOGR_2_100;MAREOGR 2;MAREOGR 2;Mareografo;sediment, sand coarse;sand;benna da gommone;49;13/01/2019;;-74,7344;164,048;200, 100, 50, 20;ethanol;100
MAREOGR_2_200;MAREOGR 2;MAREOGR 2;Mareografo;sediment, sand coarse;sand;benna da gommone;49;13/01/2019;;-74,7344;164,048;200, 100, 50, 20;ethanol;200
MOL_1_20;MOL 1;MOL 1;Molo;sediment, gravel;gravel;benna da gommone;20;13/01/2019;;-74,7342;164,0469;200, 100, 50, 20;ethanol;20
MOL_1_50;MOL 1;MOL 1;Molo;sediment, gravel;gravel;benna da gommone;20;13/01/2019;;-74,7342;164,0469;200, 100, 50, 20;ethanol;50
MOL_1_100;MOL 1;MOL 1;Molo;sediment, gravel;gravel;benna da gommone;20;13/01/2019;;-74,7342;164,0469;200, 100, 50, 20;ethanol;100
MOL_1_200;MOL 1;MOL 1;Molo;sediment, gravel;gravel;benna da gommone;20;13/01/2019;;-74,7342;164,0469;200, 100, 50, 20;ethanol;200
MPN_1_20;MPN 1;MPN 1;Mareografo - Punta Nord;epilithic scraping, bryozoans;epilithic;diving;;21/01/2019;;-74,6903;164,1152;200, 100, 50, 20;ethanol;20
MPN_1_50;MPN 1;MPN 1;Mareografo - Punta Nord;epilithic scraping, bryozoans;epilithic;diving;;21/01/2019;;-74,6903;164,1152;200, 100, 50, 20;ethanol;50
MPN_1_100;MPN 1;MPN 1;Mareografo - Punta Nord;epilithic scraping, bryozoans;epilithic;diving;;21/01/2019;;-74,6903;164,1152;200, 100, 50, 20;ethanol;100
MPN_1_200;MPN 1;MPN 1;Mareografo - Punta Nord;epilithic scraping, bryozoans;epilithic;diving;;21/01/2019;;-74,6903;164,1152;200, 100, 50, 20;ethanol;200
MPN_2_20;MPN 2;MPN 2;Mareografo - Punta Nord;sediment, gravel;gravel;diving;;21/01/2019;;-74,6903;164,1152;200, 100, 50, 20;ethanol;20
MPN_2_50;MPN 2;MPN 2;Mareografo - Punta Nord;sediment, gravel;gravel;diving;;21/01/2019;;-74,6903;164,1152;200, 100, 50, 20;ethanol;50
MPN_2_100;MPN 2;MPN 2;Mareografo - Punta Nord;sediment, gravel;gravel;diving;;21/01/2019;;-74,6903;164,1152;200, 100, 50, 20;ethanol;100
MPN_2_200;MPN 2;MPN 2;Mareografo - Punta Nord;sediment, gravel;gravel;diving;;21/01/2019;;-74,6903;164,1152;200, 100, 50, 20;ethanol;200
MPN_3_20;MPN 3;MPN 3;Mareografo - Punta Nord;sediment, silty gravel;gravel;diving;;21/01/2019;;-74,6903;164,1152;200, 100, 50, 20;ethanol;20
MPN_3_50;MPN 3;MPN 3;Mareografo - Punta Nord;sediment, silty gravel;gravel;diving;;21/01/2019;;-74,6903;164,1152;200, 100, 50, 20;ethanol;50
MPN_3_100;MPN 3;MPN 3;Mareografo - Punta Nord;sediment, silty gravel;gravel;diving;;21/01/2019;;-74,6903;164,1152;200, 100, 50, 20;ethanol;100
MPN_3_200;MPN 3;MPN 3;Mareografo - Punta Nord;sediment, silty gravel;gravel;diving;;21/01/2019;;-74,6903;164,1152;200, 100, 50, 20;ethanol;200
MPN_4_20;MPN 4;MPN 4;Mareografo - Punta Nord;sediment, silty sand;sand;diving;;21/01/2019;;-74,6903;164,1152;200, 100, 50, 20;ethanol;20
MPN_4_50;MPN 4;MPN 4;Mareografo - Punta Nord;sediment, silty sand;sand;diving;;21/01/2019;;-74,6903;164,1152;200, 100, 50, 20;ethanol;50
MPN_4_100;MPN 4;MPN 4;Mareografo - Punta Nord;sediment, silty sand;sand;diving;;21/01/2019;;-74,6903;164,1152;200, 100, 50, 20;ethanol;100
MPN_4_200;MPN 4;MPN 4;Mareografo - Punta Nord;sediment, silty sand;sand;diving;;21/01/2019;;-74,6903;164,1152;200, 100, 50, 20;ethanol;200
MST_8_20;MST 8;MST 8;campione Marco Lo Martire;sediment;NA;benna da gommone;70;09/01/2019;;-74,77267;164,96852;200, 100, 50, 20;ethanol;20
MST_8_50;MST 8;MST 8;campione Marco Lo Martire;sediment;NA;benna da gommone;70;09/01/2019;;-74,77267;164,96852;200, 100, 50, 20;ethanol;50
MST_8_100;MST 8;MST 8;campione Marco Lo Martire;sediment;NA;benna da gommone;70;09/01/2019;;-74,77267;164,96852;200, 100, 50, 20;ethanol;100
MST_8_200;MST 8;MST 8;campione Marco Lo Martire;sediment;NA;benna da gommone;70;09/01/2019;;-74,77267;164,96852;200, 100, 50, 20;ethanol;200
PN_1_A_20;PN 1A;PN 1;Punta Nord;epilithic scraping, bryozoans;epilithic;diving;24;22/12/2018;;-74,67562;164,06948;200, 100, 50, 20;ethanol;20
PN_1_A_50;PN 1A;PN 1;Punta Nord;epilithic scraping, bryozoans;epilithic;diving;24;22/12/2018;;-74,67562;164,06948;200, 100, 50, 20;ethanol;50
PN_1_A_100;PN 1A;PN 1;Punta Nord;epilithic scraping, bryozoans;epilithic;diving;24;22/12/2018;;-74,67562;164,06948;200, 100, 50, 20;ethanol;100
PN_1_A_200;PN 1A;PN 1;Punta Nord;epilithic scraping, bryozoans;epilithic;diving;24;22/12/2018;;-74,67562;164,06948;200, 100, 50, 20;ethanol;200
PN_1_B_20;PN 1B;PN 1;Punta Nord;epilithic scraping, bryozoans;epilithic;diving;24;22/12/2018;;-74,67562;164,06948;200, 100, 50, 20;ethanol;20
PN_1_B_50;PN 1B;PN 1;Punta Nord;epilithic scraping, bryozoans;epilithic;diving;24;22/12/2018;;-74,67562;164,06948;200, 100, 50, 20;ethanol;50
PN_1_B_100;PN 1B;PN 1;Punta Nord;epilithic scraping, bryozoans;epilithic;diving;24;22/12/2018;;-74,67562;164,06948;200, 100, 50, 20;ethanol;100
PN_1_B_200;PN 1B;PN 1;Punta Nord;epilithic scraping, bryozoans;epilithic;diving;24;22/12/2018;;-74,67562;164,06948;200, 100, 50, 20;ethanol;200
PN_1_C_20;PN 1C;PN 1;Punta Nord;epilithic scraping, bryozoans;epilithic;diving;24;22/12/2018;;-74,67562;164,06948;200, 100, 50, 20;ethanol;20
PN_1_C_50;PN 1C;PN 1;Punta Nord;epilithic scraping, bryozoans;epilithic;diving;24;22/12/2018;;-74,67562;164,06948;200, 100, 50, 20;ethanol;50
PN_1_C_100;PN 1C;PN 1;Punta Nord;epilithic scraping, bryozoans;epilithic;diving;24;22/12/2018;;-74,67562;164,06948;200, 100, 50, 20;ethanol;100
PN_1_C_200;PN 1C;PN 1;Punta Nord;epilithic scraping, bryozoans;epilithic;diving;24;22/12/2018;;-74,67562;164,06948;200, 100, 50, 20;ethanol;200
PN_2_20;PN 2;PN 2;Punta Nord;sediment, silty gravel;gravel;diving;24;22/12/2018;;-74,67562;164,06948;200, 100, 50, 20;ethanol;20
PN_2_50;PN 2;PN 2;Punta Nord;sediment, silty gravel;gravel;diving;24;22/12/2018;;-74,67562;164,06948;200, 100, 50, 20;ethanol;50
PN_2_100;PN 2;PN 2;Punta Nord;sediment, silty gravel;gravel;diving;24;22/12/2018;;-74,67562;164,06948;200, 100, 50, 20;ethanol;100
PN_2_200;PN 2;PN 2;Punta Nord;sediment, silty gravel;gravel;diving;24;22/12/2018;;-74,67562;164,06948;200, 100, 50, 20;ethanol;200
PN_3_20;PN 3;PN 3;Punta Nord;sediment, silty sand;sand;diving;24;22/12/2018;;-74,67562;164,06948;200, 100, 50, 20;ethanol;20
PN_3_50;PN 3;PN 3;Punta Nord;sediment, silty sand;sand;diving;24;22/12/2018;;-74,67562;164,06948;200, 100, 50, 20;ethanol;50
PN_3_100;PN 3;PN 3;Punta Nord;sediment, silty sand;sand;diving;24;22/12/2018;;-74,67562;164,06948;200, 100, 50, 20;ethanol;100
PN_3_200;PN 3;PN 3;Punta Nord;sediment, silty sand;sand;diving;24;22/12/2018;;-74,67562;164,06948;200, 100, 50, 20;ethanol;200
PN_4_20;PN 4;PN 4;Punta Nord;sediment, silty gravel;gravel;diving;24;22/12/2018;;-74,67562;164,06948;200, 100, 50, 20;ethanol;20
PN_4_50;PN 4;PN 4;Punta Nord;sediment, silty gravel;gravel;diving;24;22/12/2018;;-74,67562;164,06948;200, 100, 50, 20;ethanol;50
PN_4_100;PN 4;PN 4;Punta Nord;sediment, silty gravel;gravel;diving;24;22/12/2018;;-74,67562;164,06948;200, 100, 50, 20;ethanol;100
PN_4_200;PN 4;PN 4;Punta Nord;sediment, silty gravel;gravel;diving;24;22/12/2018;;-74,67562;164,06948;200, 100, 50, 20;ethanol;200
PN_5_20;PN 5;PN 5;Punta Nord;sediment, silty gravel;gravel;diving;24;22/12/2018;;-74,67562;164,06948;200, 100, 50, 20;ethanol;20
PN_5_50;PN 5;PN 5;Punta Nord;sediment, silty gravel;gravel;diving;24;22/12/2018;;-74,67562;164,06948;200, 100, 50, 20;ethanol;50
PN_5_100;PN 5;PN 5;Punta Nord;sediment, silty gravel;gravel;diving;24;22/12/2018;;-74,67562;164,06948;200, 100, 50, 20;ethanol;100
PN_5_200;PN 5;PN 5;Punta Nord;sediment, silty gravel;gravel;diving;24;22/12/2018;;-74,67562;164,06948;200, 100, 50, 20;ethanol;200
spiagg_1_20;SPIAGG 1;SPIAGG 1;Tethys Bay, Spiaggetta;sediment, silt;silt;diving;22;19/12/2018;;-74,70112;164,04197;200, 100, 50, 20;ethanol;20
spiagg_1_50;SPIAGG 1;SPIAGG 1;Tethys Bay, Spiaggetta;sediment, silt;silt;diving;22;19/12/2018;;-74,70112;164,04197;200, 100, 50, 20;ethanol;50
spiagg_1_100;SPIAGG 1;SPIAGG 1;Tethys Bay, Spiaggetta;sediment, silt;silt;diving;22;19/12/2018;;-74,70112;164,04197;200, 100, 50, 20;ethanol;100
spiagg_1_200;SPIAGG 1;SPIAGG 1;Tethys Bay, Spiaggetta;sediment, silt;silt;diving;22;19/12/2018;;-74,70112;164,04197;200, 100, 50, 20;ethanol;200
spiagg_2_20;SPIAGG 2;SPIAGG 2;Tethys Bay, Spiaggetta;sediment, silt;silt;diving;22;19/12/2018;;-74,70112;164,04197;200, 100, 50, 20;ethanol;20
spiagg_2_50;SPIAGG 2;SPIAGG 2;Tethys Bay, Spiaggetta;sediment, silt;silt;diving;22;19/12/2018;;-74,70112;164,04197;200, 100, 50, 20;ethanol;50
spiagg_2_100;SPIAGG 2;SPIAGG 2;Tethys Bay, Spiaggetta;sediment, silt;silt;diving;22;19/12/2018;;-74,70112;164,04197;200, 100, 50, 20;ethanol;100
spiagg_2_200;SPIAGG 2;SPIAGG 2;Tethys Bay, Spiaggetta;sediment, silt;silt;diving;22;19/12/2018;;-74,70112;164,04197;200, 100, 50, 20;ethanol;200
spiagg_3_20;SPIAGG 3;SPIAGG 3;Tethys Bay, Spiaggetta;sediment, silt;silt;diving;22;19/12/2018;;-74,70112;164,04197;200, 100, 50, 20;ethanol;20
spiagg_3_50;SPIAGG 3;SPIAGG 3;Tethys Bay, Spiaggetta;sediment, silt;silt;diving;22;19/12/2018;;-74,70112;164,04197;200, 100, 50, 20;ethanol;50
spiagg_3_100;SPIAGG 3;SPIAGG 3;Tethys Bay, Spiaggetta;sediment, silt;silt;diving;22;19/12/2018;;-74,70112;164,04197;200, 100, 50, 20;ethanol;100
spiagg_3_200;SPIAGG 3;SPIAGG 3;Tethys Bay, Spiaggetta;sediment, silt;silt;diving;22;19/12/2018;;-74,70112;164,04197;200, 100, 50, 20;ethanol;200
spiagg_4_20;SPIAGG 4;SPIAGG 4;Tethys Bay, Spiaggetta;sediment, silt;silt;diving;22;19/12/2018;;-74,70112;164,04197;200, 100, 50, 20;ethanol;20
spiagg_4_50;SPIAGG 4;SPIAGG 4;Tethys Bay, Spiaggetta;sediment, silt;silt;diving;22;19/12/2018;;-74,70112;164,04197;200, 100, 50, 20;ethanol;50
spiagg_4_100;SPIAGG 4;SPIAGG 4;Tethys Bay, Spiaggetta;sediment, silt;silt;diving;22;19/12/2018;;-74,70112;164,04197;200, 100, 50, 20;ethanol;100
spiagg_4_200;SPIAGG 4;SPIAGG 4;Tethys Bay, Spiaggetta;sediment, silt;silt;diving;22;19/12/2018;;-74,70112;164,04197;200, 100, 50, 20;ethanol;200
spiagg_5_20;SPIAGG 5;SPIAGG 5;Tethys Bay, Spiaggetta;sediment, silt;silt;diving;22;19/12/2018;;-74,70112;164,04197;200, 100, 50, 20;ethanol;20
spiagg_5_50;SPIAGG 5;SPIAGG 5;Tethys Bay, Spiaggetta;sediment, silt;silt;diving;22;19/12/2018;;-74,70112;164,04197;200, 100, 50, 20;ethanol;50
spiagg_5_100;SPIAGG 5;SPIAGG 5;Tethys Bay, Spiaggetta;sediment, silt;silt;diving;22;19/12/2018;;-74,70112;164,04197;200, 100, 50, 20;ethanol;100
spiagg_5_200;SPIAGG 5;SPIAGG 5;Tethys Bay, Spiaggetta;sediment, silt;silt;diving;22;19/12/2018;;-74,70112;164,04197;200, 100, 50, 20;ethanol;200
spiagg_molo_1_20;SPIAGGIA MOLO 1;SPIAGGIA MOLO 1;Molo;sand coarse;sand;hand;0;26/12/2018;;-74,7011;164,042;200, 100, 50, 20;ethanol;20
spiagg_molo_1_50;SPIAGGIA MOLO 1;SPIAGGIA MOLO 1;Molo;sand coarse;sand;hand;0;26/12/2018;;-74,7011;164,042;200, 100, 50, 20;ethanol;50
spiagg_molo_1_100;SPIAGGIA MOLO 1;SPIAGGIA MOLO 1;Molo;sand coarse;sand;hand;0;26/12/2018;;-74,7011;164,042;200, 100, 50, 20;ethanol;100
spiagg_molo_1_200;SPIAGGIA MOLO 1;SPIAGGIA MOLO 1;Molo;sand coarse;sand;hand;0;26/12/2018;;-74,7011;164,042;200, 100, 50, 20;ethanol;200
teth_1_20;TETH 1;TETH 1;Tethys Bay;sediment, silt;silt;benna da gommone;55;30/01/2019;;-74,6989;164,042;200, 100, 50, 20;ethanol;20
teth_1_50;TETH 1;TETH 1;Tethys Bay;sediment, silt;silt;benna da gommone;55;30/01/2019;;-74,6989;164,042;200, 100, 50, 20;ethanol;50
teth_1_100;TETH 1;TETH 1;Tethys Bay;sediment, silt;silt;benna da gommone;55;30/01/2019;;-74,6989;164,042;200, 100, 50, 20;ethanol;100
teth_1_200;TETH 1;TETH 1;Tethys Bay;sediment, silt;silt;benna da gommone;55;30/01/2019;;-74,6989;164,042;200, 100, 50, 20;ethanol;200
teth_2_50;TETH 2;TETH 2;Tethys Bay;sediment, silt;silt;benna da gommone;70;30/01/2019;;-74,6989;164,042;200, 100, 50, 20;ethanol;50
teth_2_100;TETH 2;TETH 2;Tethys Bay;sediment, silt;silt;benna da gommone;70;30/01/2019;;-74,6989;164,042;200, 100, 50, 20;ethanol;100
teth_2_200;TETH 2;TETH 2;Tethys Bay;sediment, silt;silt;benna da gommone;70;30/01/2019;;-74,6989;164,042;200, 100, 50, 20;ethanol;200
teth_5_20;TETH 5;TETH 5;Tethys Bay;spicule mat;spicule;benna da gommone;70;30/01/2019;;-74,6989;164,042;200, 100, 50, 20;ethanol;20
teth_5_50;TETH 5;TETH 5;Tethys Bay;spicule mat;spicule;benna da gommone;70;30/01/2019;;-74,6989;164,042;200, 100, 50, 20;ethanol;50
teth_5_100;TETH 5;TETH 5;Tethys Bay;spicule mat;spicule;benna da gommone;70;30/01/2019;;-74,6989;164,042;200, 100, 50, 20;ethanol;100
teth_5_200;TETH 5;TETH 5;Tethys Bay;spicule mat;spicule;benna da gommone;70;30/01/2019;;-74,6989;164,042;200, 100, 50, 20;ethanol;200
teth_6_50;TETH 6;TETH 6;Tethys Bay;spicule mat;spicule;benna da gommone;70;31/01/2019;;-74,6989;164,042;200, 100, 50, 20;ethanol;50
teth_6_100;TETH 6;TETH 6;Tethys Bay;spicule mat;spicule;benna da gommone;70;31/01/2019;;-74,6989;164,042;200, 100, 50, 20;ethanol;100
teth_6_200;TETH 6;TETH 6;Tethys Bay;spicule mat;spicule;benna da gommone;70;31/01/2019;;-74,6989;164,042;200, 100, 50, 20;ethanol;200
XXXIV445_;;;;terrestrial;;;;;;;;;;
XXXIV446_;;;;terrestrial;;;;;;;;;;
XXXIV456_;;;;terrestrial;;;;;;;;;;
XXXIV4457_;;;;terrestrial;;;;;;;;;;
XXXIV461_;;;;terrestrial;;;;;;;;;;
Daphnia_;;;;;;;;;;;;;;
Blank_;;;;;;;;;;;;;;
